Full Name,Email
Ayush Kumawat ,kumawatayush113@gmail.com
Jethro Giftson C,jethrogiftsonjet7@gmail.com
H Lokesh,lokeshlusifer12@gmail.com
HARIHARAN R ,harichandran619@gmail.com
Dakshinamoorthy ,gowthampvk18@gmail.com
Pratheeshkumar ,pratheeshgpk07@gmail.com
AJAY KUMAR L,ajkumar.loganathan@gmail.com
Jayan R,jayan21654@gmail.com
Priyadharshini K,dharshinipriya418@gmail.com
Sathesh kumar.B,sodifajin@gmail.com
Kavinaya ,kavinayaguvendran69@gmail.com
Gowthami A,gowthami.anand631@gmail.com
B.REENA,reenasri20@gmail.com
Nandeibam Babina Devi,babinanandeibam656@gmail.com
Nithyanandhan R ,r.nithyanandhan1997@gmail.com
DHANRAJ A,apdhanrajnot@gmail.com
Pasupathi ,pasupathithavamani@gmail.com
Gayathri.p,saisrigayathri0702@gmail.com
Gowtham J,jeeva.gowtham3@gmail.com
Kathiravan S,kathiravansiva0210@gmail.com
Balasaran s,erbalasaran@gmail.com
Sreenath P,sreegiri15@gmail.com
Akoijam Nishita Chanu ,nishiakoijam180@gmail.com
Loveson Chawang,lovesonlufsnbenumy@gmail.com
T.J.lakshmipriya,subhikshaa06@gmail.com
Saipriya A,saipriya031997@gmail.com
Yasmeen Hamithaa,yasmeenhamithaa84@gmail.com
E Divya,iniyath2012@gmail.com
Madhuvarshini S,madhuvarshini08smk@gmail.com
Usha Nancy M ,ushanancy95@gmail.com
S. U Abinaya ,abinayasu16@gmail.com
Adhibathi P,adhibathi666@gmail.com
Ismath Fathima . S,ismathfathimas05@gmail.com
Kalai Vani R ,kalai.kv88@gmail.com
Walke Shivaji Sudam,wshivaji8055@gmail.com
SASIKALA P,premsasi1427@gmail.com
Ngasepam manish,ngasepammanish0@gmail.com
Anandhan j,anandhanj969@gmail.com
Turidic Tongbram,tongbramturidic@gmail.com
Waikhom Puremba Meetei ,heisenbergbar2@gmail.com
VISHWA K ,vishwakarnan1310@gmail.com
Stalin Laishram ,gleetch24@gmail.com
Dhamini Nandhitha A,dhamininandhitha01@gmail.com
Suganya,suganyaaa.31072013natarajan@gmail.com
Vel s,svelmani95@gmail.com
Subash P,marinersubash@gmail.com
PRIYADHARSHINI K,dharshinituitioncentre@gmail.com
L C DEVI,lcdevi96@gmail.com
Sindhu.S.U,susindhu7@gmail.com
DIVYA D ,divyad102004@gmail.com
Priyanka Daphal,priyankadaphal14@gmail.com
N. Abinaya ,abinayanallathambi2001@gmail.com
Rusika S,sridharrusika@gmail.com
Gayatri M,gayatrimurugappan@gmail.com
Jeevitha E,jeevikabilesh@gmail.com
Meenakshi .V,meenakshivettri@gmail.com
Jothi Prakash V,jothiprakashvimala2004@gmail.com
KAVI RAGUL,kaviragul1401@gmail.com
Kaviya.s,kavyasathya.3300@gmail.com
Bavithran,bavithran9214@gmail.com
M DHARANI,dharanimurugan1018@gmail.com
SANJAY D,sanjaydh67@gmail.com
KANNAN.A,kannandragoon@gmail.com
R.SURESH,suresh460416@gmail.com
Priyanka Balaji,priyanka199707@gmail.com
Yamuna. V. D,yamunavd5@gmail.com
Saranya.M ,saranyamanoharan53@gmail.com
GUNANANTHAN K ,gunakguna11@gmail.com
Madhumita. M,madhumithamuralidharan@gmail.com
Abishek A P,kumarkabilan22@gmail.com
M.Induja,induja1511199kavi@gmail.com
Dakshaa. V,vdakshaa@gmail.com
Monisha P,pmonisha011@gmail.com
Priyanka baskar ,pinky0410.s@gmail.com
Thesika ,thesikathesika62@gmail.com
Gomathy,ggomathy98@gmail.com
M Rajasekar,rajasekar02095@gmail.com
NANTHINI S,nandysivakumar23198@gmail.com
Swetha S,swethasasikumar072003@gmail.com
Joice Olempia,jo6.11.92@gmail.com
Sadhana ,sadhanasathya6@gmail.com
Vivek S,vivek.jr1603@gmail.com
OVIYA R,oviyar345@gmail.com
Aishwarya SLA ,aish16102001@gmail.com
K SRINIDHI ,srinidhikannabiran@gmail.com
K.HEMALATHA,hnika825@gmail.com
Tharun Kumar r ,tharunkumar.raju03@gmail.com
CHARANN,charannks@gmail.com
N B DRAVID,dravid25052004@gmail.com
Mahalakshmi.N,devamaha2002@gmail.com
Vidya priyadarshini. S,vidyanavasrianu@gmail.com
Kayalvizhi ,kayalvizhi07112001@gmail.com
Brindha S,sbrindha163@gmail.com
Kokila J,kjr2087@gmail.com
Madhubala,madhubalaprabha06@gmail.com
NAVEENA.M,naveena.m0107@gmail.com
Kavia.V,kavia26012001@gmail.com
Bhuvanesh wari. J,waribhuvanesh29@gmail.com
S.Deepa,smdeepa2323@gmail.com
Keerthana. V,keerthanav2601@gmail.com
Suganya Devi N,sugansridhar03@gmail.com
Rithish kumar A,rithish04kumar@gmail.com
V.L.Sanchitha,sanchithavl@gmail.com
U.Kavya,kavya.mageswaran@gmail.com
Brinthaa G,brinthaagkumar@gmail.com
Manikandan S,msmanisundar@gmail.com
Akilandeswari ,akilamalarmurugan@gmail.com
S Amirtha Roshini ,amirtharoshini17@gmail.com
G. Sivanantham,sivanantham8682@gmail.com
VIMAL CHANDAR C ,vimalllvr46@gmail.com
Aysha banu.A,ayshabanuabcom2326@gmail.com
DEVAKI R,devakirbcom2326@gmail.com
Dharani Kumar ,kumardharani7721@gmail.com
JOE SILVESTER L,joethestranger12@gmail.com
Iyappan M,valangaimanfo2018@gmail.com
Aryan Ghosh,pupuchennai@gmail.com
Hemavathi S,hemavathi1434062@gmail.com
Mahendran S,mahendrananitha20@gmail.com
PREETHI J,preethizin98@gmail.com
P.Sivakumar,siva11mg@gmail.com
SUBRAMANI P ,subashsubramani423@gmail.com
JEFFERSON T,jefferson93t@gmail.com
NISHA P,nishaana73@gmail.com
Hariharan R,hariharanr1312@gmail.com
FAHAD N,fahadsics007@gmail.com
Tamizharasan.G,g.tamizharasan00@gmail.com
Sivaperumal M,sivakarthik9898@gmail.com
Abdul kalam. A,abdulac66@gmail.com
Abdul Rasheed ,abdurrasheed92@gmail.com
Kamalesh.k,kamalesh5384@gmail.com
Dhanalakshmi V,vdhanalakshmivdl@gmail.com
Deepaak Sharan HB,deepaaksharan@gmail.com
Ramesh Kumar G ,ramesh22925@gmail.com
Balasubramanian VS ,vsb.0702@gmail.com
RAJASHEKAR JAGAT,rajajagat94@gmail.com
Chetan ,chetanjain.a@gmail.com
Guruprasad ,gguru.kulkarni@gmail.com
D. Natrajan,23k014@amjaincollege.edu.in
CHANNABASAPPA MANNUR ,chinnu.mannur143@gmail.com
Santhosh Kumar .M ,santhoshkumarmariappan2@gmail.com
MUTHUMAGESH K ,muthumageshpasuvai@gmail.com
K Mahalakshmi ,23b120.maha@gmail.com
Poongothai.S,spoongothai403@gmail.com
Meena U,umeena2004@gmail.com
T.RAJALINGAM,rajaraja16015@gmail.com
மாயாண்டி k,gowshickgopi2019@gmail.com
P.kaviyarasu,kavis1701@gmail.com
S.ATHILAKSHMI,adr.saravanan@gmail.com
Mahalakshmi K,kadarkarai.maha24@gmail.com
Isaimozhi K U ,isaimozhikathiravan@gmail.com
A ESWARAMOORTHY ,eswaramoorthy709@gmail.com
KALAIMANI K ,kalaionlines@gmail.com
Bhavani ,kkbhavani2007@gmail.com
Vinothpriya,vinothpriya101@gmail.com
Vasudevan P,vasudevanp16@gmail.com
Ramnath Pugal,nanmaran111107@gmail.com
Jessica Aaralyn ,jessicaaaralyn@gmail.com
Nathania Jincy ,jicypio28@gmail.com
Andrea Preethi J,andrea05pj@gmail.com
thulasivenkatesh19@gmail.com,thulasivenkatesh19@gmail.com
DEEPAP PRIYA K P ,kpdeepappriya@gmail.com
Muthuselvam M,muthuselvam0609@gmail.com
Surekha. M,surekhamanogaran@gmail.com
Murali V,ovmurali75@gmail.com
P. SANJAY ,sanjaypalaparthi2006@gmail.com
Revathi S,bavishali15@gmail.com
a.priyadharashini ,dharashiniarumugam@gmail.com
Suvetha.K ,suvethasujii@gmail.com
Jainub Nisha.A,jainubriz@gmail.com
Janani D,jananidbcom2427@gmail.com
Amudhayazhini Ilango ,iamudhayazhinibcom2427@gmail.com
Esther Mary S,esther23mary@gmail.com
Asha A,ashaalexander62@gmail.com
M.saranya,saranyasaranya2268@gmail.com
Vijayanarasimman S ,vijayanarasimman2002@gmail.com
Madhan Kumar M,tamilcubing4545@gmail.com
Dinesh ,dddinesh647@gmail.com
Kirubakaran. S,kiruba4444karan@gmail.com
Nandhakumar K,nandhuvasanth0025@gmail.com
SUMITHRA B,sumithramittu@gmail.com
M.Jayasri,indhumathu2010@gmail.com
DHARSHINI V ,dharshinivaradharaj2611@gmail.com
ARUN RAJ A ,arunraj2972000@gmail.com
Dr.m.sankar,sankarcoop1981@gmail.com
V.Ilaiyabharathi,ilaiyabharathi497@gmail.com
Sundararaju.M,sundararajumadhaiyan1993@gmail.com
M.Vinothini,vinothinimuniyappan107@gmail.com
GUNA  K,kguna7427@gmail.com
KARTHICK RAJA P ,palanisam8096@gmail.com
Madhan kumar R ,suganyamadhan18@gmail.com
BHARATH T,ammulubarath@gmail.com
Murugan R,billamurugan488@gmail.com
Murugan L,lmuruganid@gmail.com
B A Vijaykumar,bangaaruvijay@gmail.com
ANAND T,anandthiyagarajan12@gmail.com
Nandhini.T,nandhinithiyagu435@gmail.com
DEVANESH R ,devanesh2bm@gmail.com
Lavanya ,lavanyalavanyav613@gmail.com
Malini k,bujimamaalu2007@gmail.com
SHAZIYA V,shaziyavbcom2528@gmail.com
G SANTHANALAKSHMI,ssanthanalakshmi498@gmail.com
Mani kandan ,kandanmani77637@gmail.com
C.Rohan David ,rohahdavid@gmail.com
Evangelin Shurley ,evangelineshurley@gmail.com
Harish,harishharishking1@gmail.com,harishharishking1@gmail.com,9042087012,Student,Harish.A,B.Com (Bank Management),3 rd Year,,,St.Thomas College of Arts & Science ,"Chennai, Tamilnadu, India ",,
Deepak ,dk1929256@gmail.com
ROSITH YUSOOF A ,arifgnisha@gmail.com
Dhanu dharshini.s,dhanudharshini2003@gmail.com
Seyed Mubarak A,seyedmubarakbcombm@gmail.com
Meenatchi K,meenacharu1306@gmail.com
Deepika.D ,deepikadeenadhayalan5@gmail.com
SAJEEV P.E,sajeev2bm@gmail.com
Rajeswari.R,rajeswariram850@gmail.com
SORUB OZA.L,soruboza2bm@gmail.com
G Aravindhan ,garavindhan0712@gmail.com
Dr.T.S.Bhuvaneswari,bhuvaneswari.acc@gmail.com
Dhakshana moorthy. S,dhakshanamoorthybcombm2@gmail.com
Dr.J.Anupriya,ap.anu1990@gmail.com
Nathish ,nathish2206@gmail.com
Teena M,manickamteena8@gmail.com
I. Merlin Felicya ,merlinfelicya@gmail.com
M.Ulaganachi,ulaganachi@gmail.com
R.Malavika,rmalavika097@gmail.com
SANTHOSH .C,santhoshchandran506@gmail.com
YUVARAJ S,s.yuvarajyuva2005@gmail.com
PRADEEP .C,pradeepchandran405@gmail.com
A. Josephine yazhini,yazhinijaba9@gmail.com
R Manishasri,srimanisha1110@gmail.com
B.Santhosh,bbsanthosh33@gmail.com
Praveen Kumar S,marshall.66n@gmail.com
A.Samraj,samrajraj879@gmail.com
Thilipkumar ,thilpk74@gmail.com
V Sanjay Prasad ,prasadsree0424@gmail.com
S.pooja,poojasuruli034@gmail.com
Arishkumar ,arish95976@gmail.com
Jeevan Abishek J ,jjeevanabishek@gmail.com
H.Mohamed Asiq Ali ,asikalimohamed12@gmail.com
K.Boovitha,poovithakumar216@gmail.com
Mohammed javeed,gmohammedjaveed30@gmail.com
Mugilan.M,neshabi719@gmail.com
Manikandan. N,22mani2kandan@gmail.com
BIRUNTHA.S,akasha16233@gmail.com
Manokar Masanam,manuyaduvanshi03@gmail.com
RAM KUMAR S,ramkumars0406@gmail.com
C EZHIL ,ezhilchitrarasu@gmail.com
TARUN KUMAR S,tarunkumar.s2003@gmail.com
Thrisha ,mthrishamadhavan3@gmail.com
Aadhya S B,sbaadhya@gmail.com
S.Sandhiya,sandhyasubu90@gmail.com
S.Praveenkumar ,rubathala7822@gmail.com
V. Monika shree,monikashreebharath2005@gmail.com
M.Elakkiya,elakkiya25116@gmail.com
Suganyadevi a,suganyad949@gmail.com
K. Lakshmidasan ,thasanthasan12340007@gmail.com
S. MATHI,mathimathi0475@gmail.com
KARTHIK.K,karthikkanagaraj2006@gmail.com
Hariharan V,haxzhh26@gmail.com
B. Sathyabama ,bsathya2565@gmail.com
Bharath kumar P B ,bharathkumar8447@gmail.com
Preethiv raj T,preethivraj007@gmail.com
Nandita S,nandita130603@gmail.com
Cyril Aaron Raja S ,scyril2004@gmail.com
Akash.M,mmakash151102@gmail.com
VENKATAKRISHNA ,venkatakrishnass2004@gmail.com
Kamalakshi ,kamalakshikandhasamy@gmail.com
Karthik. J,karthikj142@gmail.com
Harish K,skharish2109@gmail.com
Balamurugan V,balamurugan08052000@gmail.com
Aquinas ,aquinasbosco@gmail.com
Mukesh.L,mukesh20070329@gmail.com
A.HARINISREE ,anandharini78@gmail.com
Rasika N ,rasikabalaji1@gmail.com
Yashwanth,yashwanthnaidu496@gmail.com
Raghavi. R ,rraghavi003@gmail.com
Roshini Neha R,roshinineharrn@gmail.com
NITHISHA.S,snithisha1727@gmail.com
P. Ragavi ,suganthiragavi66@gmail.com
S. Roshini,prasathroshini528@gmail.com
Rajeswari,rajeswarilsh1246@gmail.com
Dr.R.Hemalatha,drhemalathacs@tkcfw.ac.in
Elakkiya O.P,oyyappanelakkiya@gmail.com
Nishalini ,kumarkaavi37@gmail.com
Monisha K,monishakanagaraj1511@gmail.com
LALITHA. J,lk6749552@gmail.com
Meenatchi nagajothi.R,meenatchiramasamy2005@gmail.com
M. Varshini ,pavithravarshini6@gmail.com
Sumithra devi.S,sumithradevi552@gmail.com
Sadhana D,mm7009494@gmail.com
Swetha.v.s ,sswaminathan443@gmail.com
Vinothini.P ,vinovinothini547@gmail.com
B. Malathi ,malathimalathi7391@gmail.com
Nirmala devi P ,nirmalapandiyan2001@gmail.com
Santhiya.R,sandhiyarashya@gmail.com
K.Nandhini,kumarisathana74@gmail.com
Harish neha.N,hneha810@gmail.com,hneha810@gmail.Com,9342289236,Student,Harish neha.N,M.com(IB),2025,,,Tiruppur kumaran college for women,Tirupur tamil nadu india,,
R.sridevi,srid31930@gmail.com
Anugeetha S,fanrockyyash1986@gmail.com
Nethra S,nethrai142@gmail.com
R.priya darshini,priyadarshiniashwin2007@gmail.com
N.RAGAREENA,nragareena@gmail.com
MEENA S,meenas09042006@gmail.com
Gaayathri.D,gaayathridurai06@gmail.com
Sandhiya.S,sandhiyasivakumar1984@gmail.com
Jenifar Rose Mary.A,ajenifar3105@gmail.com
Mohammed Umar Kathaf S ,mohammedumarkathaf@gmail.com
Kiruthika ,kiruthimcom12@gmail.com
Ajay,ajayaadith2004@gmail.com,ajayaadith2004@gmail.com,6381142729,Student,Ajay Aadith R A,B.com,2025,,,Vivekananda college,Chennai,,
Ribana banu.S,ribanabanusarbudeen96774@gmail.com
Prajeetha fathima.N,prajeethafathima@gmail.com
Chitra.B,reyanmouli@gmail.com
A.Nisha,nishagracy04@gmail.com
Kavitha S,kavidharma005@gmail.com
Rukshana ,rukshana20257@gmail.com
V.wahitha begum,wahibaby2420@gmail.com
Nivetha,nivi122825@gmail.com
Amathur reema ,amathurreemah@gmail.com
V.Kanishka,kanishkaveerapathiran@gmail.com
Nanthitha. R,nandhiniravi023@gmail.com
T.Priyadharshini,priyadarshiniabirami7@gmail.com
Prasanna Gopinath,prasannagopi01@gmail.com
Pavithra.M,muniy588@gmail.com
Hemalatha.S,hemasri36291@gmail.com
Kishore S,smkishore10302@gmail.com
Santhosh Kumar R V ,kumarsanthosh2229@gmail.com
Monisha A,monishaarulbs@gmail.com
Shara S,sharaabdullah29347@gmail.com
Anitha.V,anithatnssgvmhss@gmail.com
Rakshana B,rakshana14balakrishnan@gmail.com
Dhanush K,dhanuselvi1526@gmail.com
Harish S ,harishsnah1436@gmail.com
Vallaba Narayanan M.V,vallabanarayanan@gmail.com
Robina.M,robinamubarak1122@gmail.com
Anitha S,nandhinianitha204@gmail.com
K. Kalaiselvi ,selvi2210ks@gmail.com
Swathika.P,swathikaprakashprakash@gmail.com
Y.Emimal ,emimal670@gmail.com
Jayapriyaa.N,jayapriyaa187@gmail.com
Sharifa munawra.b,sharifamunawra@gmail.com
Janani. K,jananikrishnan83@gmail.com
S.Sridevi ,mk9194997@gmail.com
S.harini ,harini9943436885@gmail.com
S. Sandhiya ,ss93333009@gmail.com
V.Akalya ,akalya10106@gmail.com
Lakshmi.R,lakshmiram1511@gmail.com
Swathi.p,swathiswathi79999@gmail.com
K.Anitha,anithaammu279@gmail.com
V.juliya,samprakash962671@gmail.com
Vasanthi. M,vasanthi7261@gmail.com
A.Dharshana,adharshana60@gmail.com
Swetha. S,kerthanaarathana@gmail.com
B Ramya devi,bramyadevi512@gmail.com
S. Kowsalya ,kowshikowsalya29@gmail.com
Jaigowri ,jaigowripranav@gmail.com
LAVANYA R,lavanyavelu48@gmail.com
P . Monika ,monikaparamasivam1711@gmail.com
S. Lalita Syamali,sweetyslalitasyamali@gmail.com
K.divya,divyadeepika2828@gmail.com
Sudharsana sri ,sudharsanasri0406@gmail.com
Richika sri . G,richikasri51@gmail.com
Vigneshwari S,vicky.sv337@gmail.com
Raghavendra Prasad M,raghavendraprasad635@gmail.com
S.S Darish ,sharmiladarishhsharmila@gmail.com
Keerthana K ,kkeerthikumar8032005@gmail.com
Sri devi.R,sri815985@gmail.com
Grace Angel A S ,ga5888793@gmail.com
Srinithi.S.M,srin23253@gmail.com
S.vaishnavi,vaishnavisenthil2210@gmail.com
Azhagu Shalini. K,azhagushalini67@gmail.com
M.Asai priya,asaipriya796@gmail.com
Dhanusree. A,vanithaashok0303@gmail.com
Rubini. D,rubydp2005@gmail.com
Lathika.k,lathikakarthick2456@gmail.com
Uma Devi.M,umadevims29@gmail.com
Priyanga R,rpriyanga61@gmail.com
P. Thirunithi ,thirunithi2007@gmail.com
V.Denisiya,denisiyavincent1810@gmail.com
Sapna A,sapnacute002@gmail.com
M.priyadharshini,priyadharshinimuthukrishnanpri@gmail.com
Sankari ,sankari2430@gmail.com
R.Divya dharshini ,divyadharshinir2201@gmail.com
R. Subiksha ,dheepika226@gmail.com
M.Rubasri,rubzruba90@gmail.com
Prathina.U.K,prathinakannan2124@gmail.com
H.Priyadharshini,www.priiyyahh@gmail.com
K.Chinna Ramathal,chinnaramathalk@gmail.com
Lathika G ,lathikaganesan677@gmail.com
Nivetha R ,nivetharasannivetharasan@gmail.com
BRINTHA.R,brinthar278@gmail.com
R. Ramya,rc6122129@gmail.com
L.dharika,gunasalini14699@gmail.com
Janani S,jananishanmugam507@gmail.com
K . Deva dharshini ,devadharshini42007@gmail.com
Maria,nariyalmariya@gmail.com
Meenambal. S,meenambalmalar2008@gmail.com
Satheeswari S,satheeswari1127@gmail.com
Kanishka.k,kanishkakaniammu@gmail.com
Fragrance Sweety.M,mosesrathinampillai2011@gmail.com
SAGITHA S,sagihindu@gmail.com
R.ABEETH,abeethraghunathan1225@gmail.com
Shamitha R,shamitha0102@gmail.com
Livi karthik R ,livikarthik123@gmail.com
RENE STEPHEN VISHAL M V,rsv.vishal2002@gmail.com
SURYA I,lonelysurya0007@gmail.com
Kishore T,kevinkishore86@gmail.com
Vivekanandan A,ebvivek@gmail.com
Ranjitha,ranjithaamulraj@gmail.com
Aneesh Fathima ,aneeshfathima1605@gmail.com
Ramya,aramyaamulraj@gmail.com
Sharmila R ,sharmilaramachandiran04@gmail.com
B.Nithisri,nithisrisrima@gmail.com
Annu Prajapati.J,prajapatiannu0311@gmail.com
S,jasminsiddiq5@gmail.com
Karthika V,karthipragha@gmail.com
S. Jothi lakshmi,jothi22072006@gmail.com
Dharuna B,dharunabalasubramani123@gmail.com
Mahalakshmi T L,mahalakshmi960021@gmail.com
Priyadharsini.J,pd408435@gmail.com
Divya M,divya200566@gmail.com
KIRUTHIKA B ,bkiruthika105@gmail.com
Swetha.S,swethashanmugasundaram282@gmail.com
Vaishala V ,ammuvaishalaammu@gmail.com
Janani.s,jjananipandiyan@gmail.com
Kaviya.T ,kaviyathangaraj2006@gmail.com
Sandhiya. A,sandhiyaanbu05@gmail.com
Malavika.B.R,bchander789@gmail.com
Ganga G,mgopalakrishnan11577@gmail.com
Thilagavathi.S,thilagavathisundaram6@gmail.com
Karthika.R,bakkiyalskshmi1987@gmail.com
Brintha. R,brintharkv@gmail.com
Shabitha.P,shabitha777@gmail.com
Soniya Devi M ,m.soniyadevi2006@gmail.com
Shalu kumari.H,shalu211325@gmail.com
S. Dhanushri,sdhanushri374@gmail.com
ESITHA D ,esitha2022@gmail.com
Gokila R,gokilaramanathan0305@gmail.com
BAVANISANKARI.B,bavanisankari921@gmail.com
RENUGADEVI B,renugadevid902@gmail.com
Enika.Y,enikayoganantham798@gmail.com
Swetha R ,swethar8838@gmail.com
Nibarna M,nibarnanibi@gmail.com
Dhakshinya. J,jdhakshinya@gmail.com
Nithya sri.s,nithyanithya182005@gmail.com
Inika.M,inikamahesh5@gmail.com
LOSHINI.P,ploshini2005@gmail.com
Shayashree. A,shayashree341@gmail.com
Yogeswari R ,yogeshwarir407@gmail.com
Preethi s,preethi5chitra@gmail.com
Gowshika C ,gowshikarajith@gmail.com
LALITHASRI.V ,lalithasri1810@gmail.com
Sangeetha v ,vijyakumar1968@gmail.com
Haritha.B,baskarharitha3@gmail.com
Tharunika.S,tharunikatharunika17@gmail.com
Santhana Lakshmi.k,santha3678@gmail.com
SUGASHINI K,sugasuga1916@gmail.com
Hemadevi m,hemahema6253@gmail.com
Inbamalar S ,inbamalar222006@gmail.com
SAMEERA FATHIMA.A,sameerafathimasameeraabdulsama@gmail.com
V.Harini,harinikm717@gmail.com
Ramya.v,ramyaaisu2@gmail.com
Kamatchi S,kamatchisakthivell@gmail.com
Sathya vathi ,sathyavathi1208@gmail.com
Helan Princy.S,helanprincyhelanprincy@gmail.com
Swathika ,swathika11012007@gmail.com
D.Gowri,subhaduraipandi21@gmail.com
K.NETHRA,nethrakrishnakumar85@gmail.com
K.S.Malavika,kksmalavika@gmail.com
N.Akalya,akalya.2327@gmail.com
M.Sushmitha ,mithramadhu2022@gmail.com
S.DIVYADARSINI,www.rathika1983@gmail.com
Kavi Darshini S,ashwinkavikavi@gmail.com
Harini.K,harinisuseela03@gmail.com
Mahashree.R,shreemaha564@gmail.com
Archana. K,ka5112990@gmail.com
Sadha Sri K,sadhasrikalidas54@gmail.com
Veerammal.v,vijaysrihari25@gmail.com
M.Firose banu,bfirose9@gmail.com
Hema Malini S ,vanih5627@gmail.com
Pandiyammal R ,karppusamy9047440343@gmail.com
Sanju vihasini  . M,sanjuvihasinim@gmail.com
Aayeesha beebi. s,ayeshaayesha50189@gmail.com
Edaiselvi E ,selviofficial04@gmail.com
Dharshana R,dharshanaram14@gmail.com
Bomera P ,pbomera2005@gmail.com
Navaneetha ,navaapapa@gmail.com
Gopika.N,gopikakutty1628@gmail.com
Vani Priya.V,vkforever0621@gmail.com
Shivanidurga. V,shivanidurga2002@gmail.com
G.kanishka,kanishkakanishka717@gmail.com
Subitsha A,subitsha1803@gmail.com
k.Divyadharshini,divyadharshini270906@gmail.com
S.Reshma banu,banu79808@gmail.com
Priyadharshini V,priyadharshiniv897@gmail.com
KAVIYASRI H,kaviyasri11052005@gmail.com
S. Divya ,divyaselvam908@gmail.com
Jothika K ,gokulrajkm6@gmail.com
UNAISHA M ,unaishayunus@gmail.com
Banusri. R ,banusri1607@gmail.com
Akarshana.S,akarshana0007@gmail.com
Sivasankari s,sivasankarisudhagar@gmail.com
Suvithra.M ,suvithra22sep2005@gmail.com
S.Bhavana,bhavanasatheesh2006@gmail.com
THENMOZHI R ,thenmozhi122000@gmail.com
Roshni.A,roshniyy0077@gmail.com
Muthulakshmi.k,muthuthangam047@gmail.com
ethayashree.s,sp7444746@gmail.com
I.Rowla Banu,mohammedsadick566@gmail.com
Sheela ,inbatamizhan69@gmail.com
KARPAGASHREE.B,karpagashree2006@gmail.com
Haripriya.M ,mharipriya319@gmail.com
M. Priya dharshnini ,p10291970@gmail.com
Kamini T ,kaminithirumoorthi111@gmail.com
Tamilselvi. A,selvipoormitha@gmail.com
R.Parameshwari,priyarajeshdl@gmail.com
Ranjini.N,ranjinin1404@gmail.com
Nagalakshmi.A,arumugamsandhiya58@gmail.com
Muthuraman Renganathan,muthurengan@gmail.com
Shanika.R,gokulravi667@gmail.com
Sharmila,sharmilavijayanvjss369@gmail.com
Sharmila,sharmilav29selflove@gmail.com
VARSHA V,varshavisu8@gmail.com
RITHIKA J,rithikajothi2004@gmail.com
Logeshwari. T ,logi8106@gmail.com
J swathi ,sankarjai694@gmail.com
KEERTHIKA.S,keerthisubramani053@gmail.com
Sowmiya T ,sowmiyasowmiyasowmiya200@gmail.com
Harini T,harinithangaraj66@gmail.com
J.Subapradha,subapradhajothimani@gmail.com
Mahalakshmi  J,mahanandhinij@gmail.com
M Arthi Sri ,arthidora07@gmail.com
Pooja. S,sakthipooja106@gmail.com
E.S.poorani sri,pooranisripooranisri728@gmail.com
saranyasivakumar1234@gmail.com,saranyasivakumar1234@gmail.com
swetha,swethasundar337@gmail.com
MUNEERA BEGUM M,muneera8338@gmail.com
R.Anusri,anusri2162004@gmail.com
AKSHAYA PRIYA K P,akshayapriyakp@gmail.com
Vidhya sree R,vidhyasree20102005@gmail.com
Gayathri.G,brave2lakshmi@gmail.com
DeepakKumar ,deepakdeepak13033@gmail.com
Dhivyadharshini ,dhivyadharshinisenthilnathan@gmail.com
A. Aframa,aframa2004@gmail.com
DHARANI.R,dharu4543@gmail.com
Madhu Mitha.M,s32841844@gmail.com
M.AZHAGU NACHIAMMAL,azhaguindurani@gmail.com
DR.V.ALAGUPANDIAN,harialagu@gmail.com
K.MEGANATHAN,k.meganathan.125@gmail.com
G.Ajira dharshini ,ajiradharshini@gmail.com
S.Initha,rathainitha@gmail.com
M. Nathiya ,nadhi8304@gmail.com
Bharanika. S,bunisri272@gmail.com
Gomathi Sankar,sankarsnkl@gmail.com
Vinitha priya ,vinithask07@gmail.com
R.keerthana ,kkeerthanaravi0@gmail.com
Bhuvaneshwari ,bhuvsansel@gmail.com
Karthi J,jkarthikias21@gmail.com
CHINNAVEDIAPPAN V,chinnavediappan@gmail.com
KHOICHUNG RANGAMLIAN AIMOL,ngamlian@gmail.com
Harish Wahengbam ,harishwahengbam568@gmail.com
Laishram Mangal ,laishram1mangal@gmail.com
Sharmila.p,sharmip888@gmail.com
Malemnganbi ,malemnganbikeisham95@gmail.com
Pheiroijam Nongdren Meetei,nongdren18@gmail.com
R.ragini,r2908840@gmail.com
B.gracelin,gracelindevakirubai@gmail.com
Khundongbam Viraj ,khundoviraj@gmail.com
Dr N Saraswathi ,dr.nsaraswathi@gmail.com
Keisham Regal Singh,keishamsingh4@gmail.com
Vishwa Dharshini S ,visdharshini@gmail.com
S. KARTHIKA ,karthika721997@gmail.com
Dr. A. ADILAKSHMI,adikumar2004@gmail.com
Jyothi Kamakshi ,msjyothikarthik@gmail.com
Umamaheswari,umamaheswarijai20168@gmail.com
Rajalakshmi C,raji160589@gmail.com
Laishram olivia devi ,laishramolivia7628@gmail.com
Dr. Asanka weerasinghe,asanka2013sanasagm@gmail.com
Iniya B,iniyabaskaran6.28@gmail.com
DEERAJ RAGHAV. K,deerajraghav25678@gmail.com
Rajkumar Blessing,oohhmyygodz@gmail.com
Chandrakant Dave ,cjdave111@gmail.com
Dhivya Priya M,diyalaxmi8@gmail.com
PALLAVA RAJ,ce.pallavaraj12@gmail.com
Praneet Mugle,praneetm.vamnicom24@gmail.com
Rithishkumar R,rithishkumarramesh30@gmail.com
PRAKASH.S,ikalaya5@gmail.com
Sabarinathan. V,powersabari@gmail.com
P ENIYA ,eniyapalani2008@gmail.com
Liniee Wilson,linieewilson7@gmail.com
Priya dharshini GS,gspriya2126@gmail.com
Lasantha Edirisuriya ,lasanthaedirisuriya@gmail.com
Manimozhi s,kaleeshwari30@gmail.com
Kirthika ,kirthikasujitha59@gmail.com
Maharajan.m,maharajan6070@gmail.com
Libi Priyadharsan ,96libi@gmail.com
Brindha P. ,selviperumal21@gmail.com
Krishna chaitanya guptha ,kcpguptha@gmail.com
Divyadarshini S B,divyadarshini2530147@ssn.edu.in
Suba Shree S,subashree2530118@ssn.edu.in
Vijayalakshmi.M,muruganrevathi9942@gmail.com
BHARANI A,bharanialaki2008@gmail.com
HARINI K,harini2530161@ssn.edu.in
Dhanu Shri J ,jayakumardhanushri@gmail.com
VJ Babu ,babumsd2001@gmail.com
Jaya Priya R,jayapriyarajamanickam13@gmail.com
ABILASH A,abiabii123123123@gmail.com
S. Yuthik Arvind,yuthikarvind73@gmail.com
Ebishan M,ebishan05@gmail.com
Shruthi,shruthinatarajan2004@gmail.com
Udhayasri J ,udhayasri1503@gmail.com
R P Nandhini ,nandhini07072005@gmail.com
M Roshini ,roshini1704003@gmail.com
M Dharshini ,dhachu0093@gmail.com
ROSLIN VARSHA ,roslinvarsha062005@gmail.com
S. Tharaniya,tharaniyasaravanan91@gmail.com
Monika,vimalamonika5@gmail.com
BALAN E,balansudha53@gmail.com
NISHA.Y,nishasherin1329@gmail.com
MANOJ.K,manoj468766@gmail.com
K.Dinesh,ddineshk508@gmail.com
Nandhini.M,nandhinisuganthi123@gmail.com
Priyanga.M,priyangap257@gmail.com
Raghavendra Nandaragi,raghavendranandaragi90@gmail.com
Paramasivam. M,mpsivam001@gmail.com
Kalaiyarasan E,e.kalai2007@gmail.com
S TAMIZHAN ,tamizhan9791@gmail.com
Sudhakar E,sudhakarelumalai2007@gmail.com
V MOHAN KUMAR,mohanmohan934530@gmail.com
ADHI. P,adhipalanisamy438@gmail.com
RISHIKUMAR K,rolexrishi25@gmail.com
Kaviya ,kaviyanmk613@gmail.com
Kavitha ,gkavithakavikavi@gmail.com
SELVARAJ M,selvarajmurugan1709@gmail.com
S. Nandhakumar,nandhakumar3615@gmail.com
Thangamani D,amsumurugavel@gmail.com
Kathiresan R,kathiresanviji15@gmail.com
MANJUNATH HOTTI ,manjuhotti1990@gmail.com
KUBENDHIRAN.K,kkubendhiran31@gmail.com
Varshinidevi. A,varshinivarshinidevi123@gmail.com
AKASH V ,akashkumar092006@gmail.com
Maheswari. M,mageshwarimarimuthu3@gmail.com
PRAVEEN P,praveenpprakash2007@gmail.com
A. Dhamotharan ,dhamothala186@gmail.com
S.VARADHARAJI,svaradharaji7@gmail.com
R.Sedhubathi,sedhubathi90@gmail.com
Kalaiyarasan.m,kalaiiak2121@gmail.com
Manoj Kumar.c,manojkumarmanojkumar17749@gmail.com
Boopathirajendiran S,www.boopathirajendiran@gmail.com
Nandhini.V,nandhiniveerapathiran1@gmail.com
HARIHARAN. V,hariharanh1481@gmail.com
Ragu. G,ragu182006@gmail.com
N kumaresan ,kn392656@gmail.com
SIVA,cuvetamari@gmail.com
Guruprasad malagittimath ,guruprasadpm1996@gmail.com
Nitheesh sri. S,nitheshsrirs@gmail.com
BOOPATHYRAJA V ,boopathyrajava@gmail.com
Dhandapani G,dhandapanig2006@gmail.com
BALAJI V,balajibalaji47028@gmail.com
R.Ravin kumar ,kettavanv3@gmail.com
R.SHALINI,sandhiyarathinam1212@gmail.com
Bharathan s ,bharathansingle6@gmail.com
M sabari,sabarim1562007@gmail.com
Sunil S,sunil685247@gmail.com
Kamalesh. P,kamalesh99444066@gmail.com
Devaraj. B,d7468123@gmail.com
G.Aarthi ,arulkovindhan9629@gmail.com
Mithra. G,mithraraj7607@gmail.com
SRIKANTH .P,srikanth162006dhanush@gmail.com
Dharshinipriya v,tharshinipriyavel@gmail.com
Durai A,jackdurai2007@gmail.com
MAGALAKSHMI  G,magalakshmigovindaraj@gmail.com
Arul S ,sarul7970@gmail.com
Naveenkumar. K,nkumar18092007@gmail.com
YOGANARAYANAN,sanjayselvam147@gmail.com
R.priyadharashi ,priyadharshini1152005@gmail.com
MOHANRAJ.B,revathimohanraj077@gmail.com
Sanjay Kumar.s,sanjaykumarseeni@gmail.com
MOJITH V,mojith2008@gmail.com
Riyas ahammed .s,riyasahammed02k@gmail.com
Yuvaraj.k,heyitsyuva@gmail.com
Dharanidharan M ,dharani861077@gmail.com
ABIMANYU M,abimanyum2008@gmail.com
𝐕. 𝐊𝐚𝐥𝐚𝐢𝐲𝐚𝐫𝐚𝐬𝐢,kalaiyarasiv032@gmail.com
Deepak S,deepaksdeepak2k06@gmail.com
KUMARAN. S,smartkumaran723@gmail.com
Hariharan.R,hariharan16072006@gmail.com
A.kathirvel,kathirvela662@gmail.com
M.Elavarasan,elavarasan8845@gmail.com
Kavin kumar.N,kavinofficial2006@gmail.com
Vasu K,vasusk7339@gmail.com
S V Meganathraj,meganathraj@gmail.com
Karthi B,b.karthi8760@gmail.com
Jeeva,k.jeeva1575@gmail.com
Nishar S,nishar9751@gmail.com
Kishore p,kishore18143@gmail.com
S. Savitha,saravanansavi8@gmail.com
VENGESHWARAN.S,vengipulivengesh@gmail.com
ARUN KUMAR.R,ramakrishnaarun3@gmail.com
SRIKRISHNAN.R,rajapoongodi86@gmail.com
Jayasurya. S,jayasuryasakthivel0@gmail.com
Vinothkumar G ,vinothkumar17g@gmail.com
THAMARAISELVAN V,thamarai09578@gmail.com
N Sathya Sundaram ,nishanthnishanth7494@gmail.com
Sanjai. T,sanjaychandru2007@gmail.com
JEEVITHA PRIYA G ,jeevithapriya976@gmail.com
NIVASH .M,nivashthala9@gmail.com
M.Subash,msubashsubash70@gmail.com
Sathish kumar. C,sathishsathish46600@gmail.com
Sreejith S,sreejithmon0@gmail.com
kesavan M,kesavanm2608@gmail.com
V. sowndarya ,sowndaryav2008@gmail.com
Mathan.K,mathan20082k@gmail.com
S.Gayathripriya,sekargayathripriya@gmail.com
Santhoshkumar ,dr4321874@gmail.com
Bhuvaneshwaran,bhuvaneshwarna@gmail.com
Ragull Prabhakaran R ,haarikrishnaan5@gmail.com
E. GOWTHAMAN,gowthamgowtham908014@gmail.com
Sri hari. M,sriharimurugan352008@gmail.com
VIGNESH .A,vigneshvignesh04082006@gmail.com
Sakthi Ganapathy K ,sakthithiru77@gmail.com
D. Nithesh,nithesh9843d@gmail.com
S.pragadeesh,spragadeeshsiva@gmail.com
Nishanth ,nishanthlabel@gmail.com
Venkatesh.s,www.venkadesh2007@gmail.com
V.Mahalakshmi,mahalakshmiv86943@gmail.com
Nandhini.P,nandhuma8122@gmail.com
JASVANTH ,jasvanth143b@gmail.com
B.Shahul hameed,gamingfreefireboot@gmail.com
Deepika J,deepikajaganathan00@gmail.com
ANBARASAN. A,anbarasan7044@gmail.com
Sivapandi. R,sivapandi4499@gmail.com
SARVUN S,sarvun143@gmail.com
Parthasarathi K,sarathi720072@gmail.com
Deepaharini.T,thangamdeepa236@gmail.com
HEMALATHA  A,hemalathaja2008@gmail.com
S.HARI DHARSHINI,haridharshini20102008@gmail.com
HARIPRIYA. C,haripriyadevilqueen@gmail.com
S.P.SRINAATH,sanjaytn770@gmail.com
Bhavani. A,bhavaniaarumugam0905@gmail.com
JAGADEESWARAN K,jaga39792@gmail.com
CHINNARAJ ,chinnarajchinna460@gmail.com
R. Barkavi,barkavi1511@gmail.com
S.keerthika ,smartkeerthika959@gmail.com
Abinesh.A,abineshabi2284@gmail.com
SRIKANTH.P,srikanth362007@gmail.com
Sandeep patil,patil.sandeep43@gmail.com
Dhanusu,dhanushugopi2006@gmail.com
Sivanesh.B,sivaneshbabu123x@gmail.com
ANBUSELVAN E,anbuselvaneswaran2007@gmail.com
NATARAJAN.M,naveennaveen22071@gmail.com
Kathiravan T,kingkathirt@gmail.com
INFENT ROSHAN A,abisunitha49@gmail.com
S. Nivetha ,snivetha010208@gmail.com
Vishalini.A,vishalini18052007@gmail.com
KUMARAVEL k,kumaran021vel@gmail.com
Adaikalraj. V,rajboxer716@gmail.com
MANOJ RM,manojrm568@gmail.com
Monishwaran D,m17447844@gmail.com
Shalini.S ,mpsakthi39@gmail.com
S. MADHAN RAJ,madhanraj4231@gmail.com
P . Keerthika,keerthikaperiyannan29@gmail.com
S.SABARINATH,sabari2592005@gmail.com
VELMURUGAN S ,sethuvel3@gmail.com
K SARAVANAN,saravanansaro708@gmail.com
S.Asharudeen,aazar4041@gmail.com
Prabhakaran .S,prabhakaranprabha65873@gmail.com
S.ratish,ratishratish892@gmail.com
K.sivabalan,sivabalank552@gmail.com
Sanmugapriyan.M,sanjaypriyan4106@gmail.com
Vishnu Eshwaran.N,vishnueshwaran2006@gmail.com
Dhanisha G,dhanisha18082008@gmail.com
Angelin.A,anthonyangelin520@gmail.com
S Vignesh ,vickydhanu0727@gmail.com
JOHN PAVITHRA.C,p80960326@gmail.com
S. Saravanan,saravananmurugan3333@gmail.com
manoj k,sirm7754@gmail.com
Sunil s,sunilsivaganesh@gmail.com
S.Yogam,yogam9462@gmail.com
Kanishka.M,kanishkam690@gmail.com
Gayathri. R,chithraravikumar15091985@gmail.com
Kaviya.c,yeskaviya444@gmail.com
Kalaiselvi G,sowmyasowmta860@gmail.com
Dinesh.v,dinesh05j7@gmail.com
Kathirvel.s,ks951533666@gmail.com
PREMALATHA K ,premalathapremaprema207@gmail.com
Gowtham ,gowthamjrgowthamjr86@gmail.com
KARTHICK R ,mass28342@gmail.com
Bhuvaneshvaran B,bhuvaneshvaran257@gmail.com
M.VISHWA,vishwacooperation@gmail.com
BOOPATHI K ,kmboov@gmail.com
Vijayaragavan ,vragavan367@gmail.com
Naveen ,naveensathya86@gmail.com
M. Nivetha,nn1696593@gmail.com
Jayakumar.p,jayaprakash192007@gmail.com
Naveenraja M,mnaveenraja2004@gmail.com
K.gopika,kumargopikakarthika@gmail.com
G.vimal,vg328423@gmail.com
P. Saravana,saravanankumir@gmail.com
VISHNU A ,chsndru282@gmail.com
Nivetha S,nivethasri803@gmail.com
VIGNESH S ,vigneshselvaraj408@gmail.com
Nagaraj Manikandan ,nagaraj.mani2004@gmail.com
Balaji A,balajimp066@gmail.com
VINAYAK M,vinav5615@gmail.com
DEVAPRIYA S,devapriyasomasundaram@gmail.com
ILAVARASAN G ,harish4008484@gmail.com
POOJA M R,poojamunirathnam2004@gmail.com
Selvarajan. K,selvarajank2006@gmail.com
Swethasri k,swethamuthu78@gmail.com
PADMASRI L ,padmasrilakshmanan@gmail.com
GOPIYARKARASI R ,gopiyarkarasi38@gmail.com
HARIPRAKASH D ,hariprakash2648@gmail.com
SUVINDAR M,m.suvindar0852@gmail.com
Monisha k ,monisuri790@gmail.com
KARTHIK. K,kkarthik220706@gmail.com
MOHANRAJ.V,vrajmohanvmohanraj@gmail.com
Rama Narayanan G,gopalnarayanan85@gmail.com
ANJALI K,anjalikann123@gmail.com
Nandhinisree P ,sreenandhini830@gmail.com
Y.RISHWAN BASHA ,rishwanbasha40@gmail.com
K. Soundharya ,soundharyak2005@gmail.com
ARIVAZHAGAN. M,arivuazhagan19042004@gmail.com
Nishal.k,nishalnishal488@gmail.com
PUTHIYAVAN J ,jaipoonga2004@gmail.com
Manoj kumar. M,manojkumarmanojkumar2301@gmail.com
PRIYADHARASHINI. k,priyadharshinikumar59@gmail.com
Harikrishnan M,mechharikrishnan666@gmail.com
Deepatharshini.k ,gunatharshini2020@gmail.com
M.KAMALESHKUMAR,mpkamal2005@gmail.com
GOWTHAM T,gowthamthangavel853@gmail.com
KOWSHICK.S,sivakowshick1@gmail.com
GOWTHAM G,scoregowtham03@gmail.com
JOSUVA BALA CHANDRAN M,josuvadunamis@gmail.com
S.Dharnesh,dharneshs052@gmail.com
ASWINKUMAR.G,aswin2462@gmail.com
HARISHRAJ,vidhyavidya2002@gmail.com
VARUN VIGNESH. B,bvarunvignesh302@gmail.com
N. MOHANRAJ,mohanraj062006@gmail.com
Sumithra.s,sumithrasivaraj123@gmail.com
M.Gayathri ,gayathrimani9122003@gmail.com
Ashwin,ashwinvirat140@gmail.com
Manikandan E ,emanikandan227@gmail.com
Nagarajan k ,nagarajankannan218@gmail.com
P. Manikandan,sankarpms2006@gmail.com
ARUN D ,arundhanraj18@gmail.com
SURIYA PRAKASH M ,suriya779979@gmail.com
A.ARPUTHARAJ,arputharajkutty77@gmail.com
N.ARUNKUMAR,arunarunkumar5544@gmail.com
Mohamed saifudeen ,msaifudeen37@gmail.com
BOOPATHI RAJA S,judhaynimalajudhaynirmala@gmail.com
K.Nandhini ,kumarnandhini998@gmail.com
K.Vimal sabari ,vimalsabari15@gmail.com
S.HARIKRISHNAN,harikrishnanharikrishnan5161@gmail.com
GOWTHAM R,gowthamharicj@gmail.com
HARIHARASUDHAN. M,hariharasudhanm003@gmail.com
Elandevan.R,elandevanravi45@gmail.com
N. Ayyanar ,ayyanaruchiga987@gmail.com
S.Dhanushkumar ,dhanushkumarsakthivel18@gmail.com
R.BALAMURUGAN,rbalamurugan481@gmail.com
DHANUSH S,spdhanush55@gmail.com
P BALAMURUGAN ,bala302005@gmail.com
SUGHI SHIVAM D.A,lovemeshiva85@gmail.com
C.SENTHILKUMAR,senthilkumar1682004@gmail.com
SARAVANAN R ,www.saravanan5211@gmail.com
S.C.Sri ram ,sriram.subramani2324@gmail.com
Libin m,libinm626@gmail.com
Karthikeyan.B,karthirio5678@gmail.com
V Renuga Devi ,renuamrenu@gmail.com
HARIHARAN.S,darkangel031508@gmail.com
A.Dinesh,massdinesh650@gmail.com
KAMALESAN M,raister143@gmail.com
THAMIZHARASAN. R,at8188862@gmail.com
BHARANIDHARAN S,dbharani210@gmail.com
KALAIVANI.C,chandrasekar8979@gmail.com
Umamaheswari.v ,uma461013@gmail.com
RANGAKALA S,rangakalasrinivasan@gmail.com
A. Sankar ,sharathisharathi485@gmail.com
Naveen Kumar k ,mr.jerry6383@gmail.com
G.PREM,premk74611@gmail.com
Surya ,suryas61174@gmail.com
MAHIBALAN S ,mahibalan9a30@gmail.com
TAMILARASI.G ,thamilt932@gmail.com
RUPASRI ,rupasri2892003@gmail.com
STALIN G ,stalin2003svs@gmail.com
M.santhru,santhru663@gmail.com
Vishal.B,vishal.b123h@gmail.com
SRIBALA R ,balaraja4156@gmail.com
BHARATH J,bharathjjj22@gmail.com
MADHUMITHA. S,madhum8635@gmail.com
HARISH M,harish489333@gmail.com
R DINESH ,yy7962200@gmail.com
Surenthiran T,ayyanarayyanar7510@gmail.com
Boopalan P S ,boopalans432@gmail.com
GEETHA R,devigeetha1911@gmail.com
S. MOHAN KUMAR ,m65570989@gmail.com
VIMALRAJAN S,vimalrajanp61@gmail.com
KARTHI. S,senthilkarthi541@gmail.com
VISHNU M,m.vishnu950045@gmail.com
Nirmalnathan PR,nirmalnathan009@gmail.com
Devamithran M,mithrandevam08@gmail.com
GIRIBALAN S. K.,s.k.giribalan2006@gmail.com
Samuel A,samuel23122006@gmail.com
BHUVANESHWAR. V,bhuvav3004@gmail.com
ABDUL AMEER  S,abdulameer7295@gmail.com
Abishek.j,abishekjjj22@gmail.com
SATHISH KUMAR.R,sathish936375@gmail.com
NAVEEN R,taekwondonaveen12345@gmail.com
SIVA M,dsiva9927@gmail.com
C.SUJITHA SRI,sujithasri006@gmail.com
S.GUNAL,suryastasss@gmail.com
Vignesh M,vigneshmanikandan618@gmail.com
Hari haran.S,harihariprasanth979@gmail.com
M.Manikandan,anbesivamanbesivam05@gmail.com
K JAYANTHI,jayanthi809839@gmail.com
P DHANABAKKIYAM ,dhanabakkiyambcom66610@gmail.com
Gowtham s,gowthamsg232@gmail.com
GOMATHI A ,gomathia1809@gmail.com
Giribalan.M,giribalan.m2005@gmail.com
Mathesh k,kmathesh009@gmail.com
NAVANITHA.E,navanithaenavanithae@gmail.com
RAJESHWARI.R,rajrajashwari61@gmail.com
YUVA PRASATH S,prasathyuva0666@gmail.com
S.jeeva,jj3293428@gmail.com
V ranjani ,gopikav9212@gmail.com
S.SRIKANTH,srioff.2006@gmail.com
BALAMURUGAN M,balamuruganmunusamy77@gmail.com
Arun kumar,aru37245@gmail.com
MADHAN KUMAR E,madhankumar143mrmk@gmail.com
Chinna Arjunan ,chinnaarjunan27@gmail.com
Vinoth s,kdpaiyanvinoth@gmail.com
Jaran M,jaran2054@gmail.com
B.SHEELA,bsheelasheelab@gmail.com
M.SAKTHIVEL,sakthiyadhav01@gmail.com
Saravana Prakash,saravana4374@gmail.com
Rahul kumar .M ,rahul224488m@gmail.com
P DHARUN,dharunmp@gmail.com
Monisha.s,monishamonisha6753@gmail.com
RAGU S,srraghu49@gmail.com
H.RAGHUL,raghulraghul0410@gmail.com
VELUMANI M,velmanimurugan068@gmail.com
Kishore kumar.R,kishoreraja0105@gmail.com
PRAKASH.M,prakashmurugesan3490@gmail.com
M Pavithran ,pavitharanpavitharan185@gmail.com
DIWAKAR A,diwad180@gmail.com
G. Dharshini,udhayadharshini817@gmail.com
R  CHANDRU,chandru7112007c@gmail.com
MNIKA.T,mmoni658494@gmail.com
Vishwa M,vishwa1582006@gmail.com
Aashiff. A ,aashiffalthaff@gmail.com
NIVAS M,nivasnivasnivas008@gmail.com
Vijayaragavan.B,vijayaragavan2k07@gmail.com
DEEKSHITH.A,deekshithlogesh@gmail.com
Arun.v,v17arun0001@gmail.com
PAVITHRA S,spavi3112005@gmail.com
SRIVEDHAM ,srivedham12521@gmail.com
Akila.S,akilaakila7600@gmail.com
Gowthaman R,gowthamangp21@gmail.com
Dharsan.p,ddharsan440@gmail.com
LOGESHWARAN,logeshkaruppanna@gmail.com
SATHIGA.K,sathigak7200703@gmail.com
Santhosh s,santhosh93608223@gmail.com
E sanjeev ,sanjeevsanju0170@gmail.com
T.Bharathi,b02995280@gmail.com
R. RanjuRaj ,ranjurajsanju@gmail.com
Priyanka ,kesavanelamathi029@gmail.com
Priyadharshini.G,pp4167184@gmail.com
SIVAPRAKASH M ,sivaprakashm2006@gmail.com
G Gowsalya,gowsalya861942@gmail.com
Vetrivel.k ,vetrivelk265@gmail.com
MALARVIZHI.R,malarvizhicoop1999@gmail.com
Arun kumar S ,arunkumar2007kingak@gmail.com
MANIKANDAN R ,mkandan34949@gmail.com
Vijaybasker. G,gkvijay555@gmail.com
Saran.A,saranaarjunan@gmail.com
Vetrivel.m,vetrimani280@gmail.com
VIGNESH R,vv7612710@gmail.com
SANJAI KUMAR G,sksanjai466@gmail.com
Dhanush ,dhanush442007@gmail.com
Hari Priya S ,kavipriya7594@gmail.com
SANDHIYA A,santhiyasweetna@gmail.com
KIRUTHIKA. A,kiruthikakiruthi261@gmail.com
Sangeetha. K,ssangeethakarthikeyan49@gmail.com
JASMIN H,jasminhusain5353@gmail.com
Pradeep. A,pradeep19ap2007@gmail.com
T. Tamilselvi ,tamilselvi200728@gmail.com
Elango.k,elango18411@gmail.com
GOWRISANKAR M,darshitaanu@gmail.com
C. AGALYA ,agalayac3@gmail.com
M.Morus Edison,morusedison246@gmail.com
S.PRADEEPA,wwwsundaramoorthi123456@gmail.com
Ravin.M,ravinravin4233@gmail.com
ILAIYARAJA S,ilaislm2008@gmail.com
Mukeshwaran s,mukeshwaran711@gmail.com
ESTHER RANI.D,ranie4389@gmail.com
ARUL S,aruls652008@gmail.com
Kishore.S,spkishoer003@gmail.com
NANDHAKISHORE G,nandhakishoreg2007@gmail.com
SANTHIYA B ,santhiyabuvana021609@gmail.com
Sakthivel ,sakthivelspark2006@gmail.com
HARISH T,harishthangaraj55@gmail.com
Mayil samy.s,mayilselavaraj@gmail.com
Tamilamuthan ,tamilamuthansuresh05@gmail.com
Kapilraj. R,kapilrk01@gmail.com
VAIRAMUTHU S,vairamece92@gmail.com
Syed shahith s ,syedshahid9791590499@gmail.com
Sritha M,srithajerli1619@gmail.com
SATHISHKUMAR.K,sathishkumar.krishnan500@gmail.com
G.LOGESH,ll7028345@gmail.com
SRIDHAR M,sridhusridhu243@gmail.com
Kavianand M,kavianand9514@gmail.com
NISHAR MOHAMMED J,nisharmohammed852@gmail.com
Miruthula. B,miruthulabalu2007@gmail.com
Vishnu varthan .P,vishnupalani1812@gmail.com
SAKTHI. P,sakthipachiyappan079@gmail.com
Karthi K,kk3602225@gmail.com
Barani E,baranieswar09@gmail.com
Anbumani M,anbum3470@gmail.com
Nathishmani V,vnnathishmani@gmail.com
MANOKARAN.A,ayyanduraimanokaran@gmail.com
M.Dhanush,dhanush65dhanush@gmail.com
Elangovan.K,shenbagamelango1989@gmail.com
Gokul kannan.J,gokulkannanjeeva@gmail.com
NITHRA.A,nithraananth2012@gmail.com
ATCHAYA B,atchayabest@gmail.com
T. Kanishka ,kanishkaramya2007@gmail.com
Jayasri.s,jayasrisaravanan08@gmail.com
Srinivasan. K,srinivasan876099@gmail.com
Kalpana .p,kkalpu595@gmail.com
 Durgadevi  A,arunapraba025@gmail.com
ANUSHA .E,anuanusha50851@gmail.com
G. Aravind ,rganesh787127@gmail.com
M.Deepika,gokulsuganthi52@gmail.com
Manikandan. R,niki75438@gmail.com
Nivetha S,selvarajjeevitha915@gmail.com
AAKASH IMMANUEL J,aakashimmanuel1@gmail.com
SURYA S ,suryasuryasurya3058@gmail.com
Praveenkumar.k,praveenkumar32940@gmail.com
Poomagal M,poomagalmagesh@gmail.com
Navinkumar.s,nn3646971@gmail.com
S.GOKUL,123gokulk@gmail.com
SURYA. L,surya88068@gmail.com
A Gowtham,agowtham2807@gmail.com
DINESH KUMAR R ,rkodineshkumar28@gmail.com
K santhiya ,s30023646@gmail.com
H.Sahana,sahanasahana07365@gmail.com
A.risha,rishaanbumani@gmail.com
Udhaynirmala.j,susimani2225@gmail.com
M.Mathumitha,kokilar220@gmail.com
KAMALESH.M,kamalesh.2007.mayavan@gmail.com
B.sheela,bsheelasheelab26@gmail.com
T. Manoranjitha,sornabakyasornabakya@gmail.com
M.Nandhini,nandhinimk2005@gmail.com
Arun . E,premselva51@gmail.com
ASIYA ,asiyaasu2008@gmail.com
V. Hari vinoth ,harivinoth6381@gmail.com
GOKUL R,gokulrajmohan64@gmail.com
Boobalan,boobalanmurugan07@gmail.com
Gokul raj R,gokul45ravi@gmail.com
MANIMARAN ,maranfraduum@gmail.com
Siva.k,siva070320052005@gmail.com
KANISHK K,kanishkkma@gmail.com
Manikandan. R,billamani439@gmail.com
 Priya dharshini.k,gkanthan48@gmail.com
Deepa.s,sangeethadeepa47@gmail.com
SAKTHIVEL. J,sakthiveljagaveeranam@gmail.com
DEEPIKA. P,pp0966180@gmail.com
NAVANITHA. V,navanithav2007@gmail.com
M DEEPAK ,deepakdeepakdeepak075@gmail.com
Mohan ,mm7983332@gmail.com
Dhanush kumae,dhanushkumar.p143@gmail.com
JEEVANANTHAM.V,jeevanantham032005@gmail.com
NETHAJI K,nnethajirowdy@gmail.com
VASUDEVAN L,vasudevanlogamani@gmail.com
HARIKRISHNAN. B,b.harikrishnan9566@gmail.com
Sathish.M,s74831181@gmail.com
Sameer.H,harshiyaharshu46@gmail.com
Srikanth ,srikantharumugam840@gmail.com
SRIRAM .M,sriramramsriramram74@gmail.com
ELAYABHARATHI R,elayabharathir28@gmail.com
SEENIVASAN.C,srinivasant033@gmail.com
DHARUNKUMAR.M,dharunkumarm25@gmail.com
SRITHAR R,sritharsrithar6363@gmail.com
Gurudhayalan ,gurudhass736@gmail.com
S.Sowmiya ,sowmiya.s1611@gmail.com
Pravinkumar ,praveen96266486@gmail.com
Dhanusri B ,dhanu45801@gmail.com
KARTHIKEYAN S,karthikarthiks2007@gmail.com
K.Priya,priyameena20052003@gmail.com
S.Arvindh,arvinds09485@gmail.com
Akash,akashakash20846@gmail.com
Vijayprasath J,vijayprasath315@gmail.com
A.Niththiyasri ,a32804446@gmail.com
SRI DHAR.M,sridharanm093@gmail.com
RAVI PRASATH S,ravi4455.sv@gmail.com
Sanjaydharan,sanjaydharan039@gmail.com
Jayamurugan.R,jaijaymurugan@gmail.com
Jayananth.J,jayananth2008@gmail.com
R.devaprasath,r.devaprasath9360@gmail.com
Vaishnavi S,vaicha4946@gmail.com
KARTHI D,karthi20112997@gmail.com
Dhivakar R,dhivakarrd8@gmail.com
D.Ranjith,raghuranjith2k@gmail.com
Gokul. M.S.,sivanvellachu4@gmail.com
Santhosh R,santhoshsanthosh24595@gmail.com
G Bharath,gmarmy07@gmail.com
AKILESHWARAN P ,akileshwaran40@gmail.com
S.SOBIYA,sobisekar295@gmail.com
GOPINATH V,appusalem.1983@gmail.com
JAGANATHAN K,jaganathanksalem@gmail.com
M.Maragathavalli,mmaragathavalliv@gmail.com
Dr J SUMATHI,jsumathi322@gmail.com
R.K.Jeeva,j2007jeeva@gmail.com
Surya prakash p ,plsuryaprakash2006@gmail.com
Prishitha ,prishitha1105@gmail.com
Thirunavukarasu. R,thirunarockpatel@gmail.com
Elango.M,elangoking956680@gmail.com
NIRMALA K,raniu4584@gmail.com
Akshay Elango,akshayelango@gmail.com
G Isaiyaruvi ,isaiyaruvi2008@gmail.com
Mukilan.S,mukilan382008@gmail.com
R. RAHUL ,rahulrajivgandhi10@gmail.com
Pavithra.S,prakashlc78711@gmail.com
Vignesh ,vickydon.vd32@gmail.com
8667255080,varshanya677@gmail.com
ANILKUMAR N,anilkumarkumar7431@gmail.com
R.Sandhiya,sandhiyaraja1025@gmail.com
Mohan k,mohanxx012@gmail.com
GAYATHRI ,gayathiri080@gmail.com
N vijayakumar ,vvijaykumar41030@gmail.com
Vaiishnav S,vaiishuresh@gmail.com
Dhanushya. R,dhanushya21r25@gmail.com
Sutheesh K ,sutheeshkumar823@gmail.com
SURESHKUMAR T,sureshfact007@gmail.com
Karthikeyan.s,sivakalai579@gmail.com
VIGNESHKUMAR.P,vickyjack9344@gmail.com
VINTH S,vv027387@gmail.com
Subha,subasumathi1304@gmail.com
JASMIN D ,jasmint7193@gmail.com
P.M.NARESH,naresh10082005@gmail.com
Sengottuvel.s,sengottuvelsivakumar@gmail.com
Hariprasad.M,hariharikki86@gmail.com
Harilakshien.M.Y,harilakshien@gmail.com
Samsaran Raj ,samsaranbabu@gmail.com
VASANTHAKUMAR T,vasanthfansey8@gmail.com
Bharathkumar,bharathkumarbk1234567890@gmail.com
M.Anisha,anishaanu0605@gmail.com
MUKESH TM ,muthuvelnanasunthari@gmail.com
Gowtham P,gowthamperiyasamy0@gmail.com
THULASI M,tt9576924@gmail.com
Sujith K,sujithkannan942@gmail.com
Harish,harishkingslm@gmail.com
Keerthivasan M,8883keerthi@gmail.com
Vaishnavi.M,vaishnavimuthukkannan@gmail.com
j.vijaya ,vijiv7178@gmail.com
Devadharshini.S,deva87097@gmail.com
Manickam ,partheepanmanickam@gmail.com
G. Nandhakishore ,knandhakishore16@gmail.com
Singaravelan.R,singaravelan1412@gmail.com
Gokul kannan ,gokularumugum03@gmail.com
Ajith,ajith08092004@gmail.com
Venkatesh S,venkatesh.s8526@gmail.com
Chandhru B,bchandhrub@gmail.com
Kuralamuthan ,kuralamuthan2007@gmail.com
M GOWTHAM,mgowthamroobak25@gmail.com
M mohan kumar ,mohan6297219@gmail.com
K.sriraman,thalasriraman@gmail.com
Gowtham ,gg7001643@gmail.com
BHARATH.V,ammukutty14309102007@gmail.com
Amarnath h,amarnathh788@gmail.com
R.jothika,jothikarishikesan01@gmail.com
V.sridharshini ,vsridharshini62@gmail.com
Sakthi kumar m ,sakthikumarm516@gmail.com
Velmurugan ,v21893317@gmail.com
Jayaprathap ,cjayaprathap38@gmail.com
Puzhalendhi,pugalp093@gmail.com
Kiruthik Roshan ,roshankiruthik20@gmail.com
Soniya. N,soniya.n1101@gmail.com
Prasanth.K,prasanth24062007@gmail.com
V. Priyadharshini ,priyadharshinivicky777@gmail.com
M muthulakshmi ,muthulakshmimariyapan@gmail.com
P.l.balaji,balaji1112206@gmail.com
K. Barath,kbarath2006k@gmail.com
MARIYAPPAN.M,maridon7878@gmail.com
MADHAN.C,pubgmadhan004@gmail.com
Dhaniya M,dhaniyamurugan143@gmail.com
M.hema,hemaalamelu929@gmail.com
E ARUN,arunelayaraja2006@gmail.com
Marimuthu,marimarileet@gmail.com
Raguram,raguram948670@gmail.com
R.NAGENDHIRAN ,nagendhiran360@gmail.com
Yuvaraj.M,sdsd95952@gmail.com
VINOTHKUMAR.S,vinoths25022007@gmail.com
Janani priya s,ssathyamoorthy335@gmail.com
Tamilselvam V,kolarutamiltamil@gmail.com
A.Bhuvaneshwaran,bhuvaneshwaranb577@gmail.com
Anjali m,anjali0071264@gmail.com
M.Santhosh ,msanthosh6672@gmail.com
Dhoni,dhoniarukumar@gmail.com
Balaji,sbalaji994424@gmail.com
M.nivas,nivasm0501@gmail.com
Dhanush ,dhanushbeeman5@gmail.com
Ranjith,ranjithabishek4545@gmail.com
C. Kalaiselvan ,kalaikalai7081@gmail.com
Mohan.M,mohanmunusamy99@gmail.com
Jeeva c,smartjeeva1714@gmail.com
K tamilarasi,tamil08tami@gmail.com
Praveen kumar. S,praveenkumarpk2345678@gmail.com
S ARUNACHALAM,arunachalam18979@gmail.com
Vignesh,vv8798443@gmail.com
S.Priyadharshini ,priyadarshi20070114@gmail.com
C Srivasanthapriya ,srivasathapriya1207@gmail.com
Ashok ,ashom9384@gmail.com
Gajendran,kajendranjanani394@gmail.com
Siva sakthi ,srsivaak55@gmail.com
S.Reebanraj,reebanreeban57@gmail.com
vichu01272007@gmail.com,vichu01272007@gmail.com
J.JEGAN,j32543958@gmail.com
Praveenkumar ,praveenkumarrockstar530@gmail.com
THILLAIARASAN A,dhilldhill4555@gmail.com
M.Sree Hari,msreehari7839@gmail.com
Hari prasath.k,hh0338935@gmail.com
S SALVANA NILOFAR ,barakathn684@gmail.com
Kishore Kumar.k,amsavenikannan214@gmail.com
Yeshwanth ,yeshwanth21052008@gmail.com
DINESH.T,ddinesh70282@gmail.com
ALICE DEVADHARSHINI.C,alicedevadharshini.2@gmail.com
Tamil R,tamilkarthik3639@gmail.com
A sasipriya ,sasipriya269@gmail.com
R.saranya,rameshsumi994@gmail.com
Gobi.s,gobi7061s@gmail.com
Vineeth,vineethm2003@gmail.com
Nishanth R,nishanthr197@gmail.com
Alesha,aleshafathima15@gmail.com
Pragadeswaran P,premkumarpragadeswaran@gmail.com
Kavipriyaa.v,kavipriyaav575@gmail.com
Dhanusri.j,sit24ad011@sairamtap.edu.in
Keerthana ,keerthanakeerthana8525@gmail.com
Ashad ,ashadkhanrpm3@gmail.com
Seravarmarasan S,seravarmarasan@gmail.com
Kishore Prabhu E ,kishoreprabhu2004@gmail.com
Sandhiya R,sandhiyaram286@gmail.com
Akshaya varshigaa M ,avarshigaa@gmail.com
K. JANANI,j87081362@gmail.com
Navya k,navyadeepdeep@gmail.com
RAHUL PRASATH R,youbootubee@gmail.com
S. Haripriya,haripriya16705@gmail.com
Srilekha ,srilekha4404@gmail.com
RAJESWARAN S ,revrev257@gmail.com
D.P.Divyadharshini,dpdivyadharshini@gmail.com
GOWRI.N,gowring418@gmail.com
U .S. KARTHIKA,uskarthika25@gmail.com
Vedhanathan ,vedhasanjay2505@gmail.com
Natheesha ,natheeshapalani28@gmail.com
M. Vennila,vennilamoorthi9000@gmail.com
Markandan M,markandan0123@gmail.com
Manoj.N,manojmanim4@gmail.com
Gowtham.M,gowthammathiyan@gmail.com
G. Yokeshkumar,yokeshkumar029@gmail.com
POOVARASAN .A,poovarasanapoovarasana37@gmail.com
M. Praveen,praveenpraveenail65@gmail.com
K. HARIPRASANTH,harini06122003@gmail.com
K.Gunaseelan,gunagvguna52@gmail.com
C. Dinesh ,dineshchinnasamy2005@gmail.com
M. Mayilsamy ,mayil7442@gmail.com
Mohan Kumar S ,mppartners08@gmail.com
D.Gopi,gopi17122005@gmail.com
KUMAR M,kumarmsskvm@gmail.com
Dinesh ,dineshpandiya18@gmail.com
S.Manimegalai,manimegalaisundaram2005@gmail.com
ARULMURUGAN K,arulmurugankamaraj9342@gmail.com
A.Yokeshwaran,ak6374235831@gmail.com
N. Santhosh,santhoshthor21@gmail.com
Nithishkumar ,nithishkumar30092005@gmail.com
M. KAMALESHWARAN,kamaleshwaran785@gmail.com
Nithin S,nithin24102809@pg.cusat.ac.in
Mohamed jasim ,ffjahith@gmail.com
V.vinyas,vijendranvinyas@gmail.com
ASHRAF KHAN,ashrafrpm3@gmail.com
SASIKUMAR V ,frienvisa@gmail.com
Kaviyarasan.v,kaviyarasanvelu005@gmail.com
AKASH RAO R ,youaretrullybeautiful3@gmail.com
Shrvan Raghuvanshi,shrvanraghuvanshi@gmail.com
Janani T,janaranjini0505@gmail.com
Praveen Kumar V ,praveenkumarv.240108@aiml.ritchennai.edu.in
Kirthika u. s .,uskirthika25@gmail.com
Shivam Patel ,7shivapatel2000@gmail.com
Aman Verma ,shriav621@gmail.com
Prince Yadav,iamprinceydv@gmail.com
Suraj rajbhar,suraj8286188609@gmail.com
Vivek kumar pandey,vivekvp7571@gmail.com
Ananya Singh ,singhananya29082003@gmail.com
DEEPANSHU KUMAR ,deepanshurajput32004@gmail.com
Sneha chaurasia ,snehachaurasia983@gmail.com
Nancy Tiwari ,nancytiwari94@gmail.com
Ishita mishra ,ishitamishra989@gmail.com
Chhavi Agrahari ,chhaviagrahari7266@gmail.com
Shambhavi mishra,mishrashambhavi555@gmail.com
Sneha Singh ,snehasinghh167@gmail.com
Sneha pandey ,snehapandey4393@gmail.com
Abdul Rafey,abdulrafey6661@gmail.com
Abhishek verma,lkouni.beled@gmail.com
Aisha verma ,aishaseth1212@gmail.com
Monu kumar sharma ,jisharma56729@gmail.com
Aniket Singh,ani.bui.singh.com@gmail.com
SUMANTU RAI ,raisumantu@gmail.com
Md Irfan ,itsroman786@gmail.com
Geet Sahai ,geetsahai04@gmail.com
Soumya pandey ,soumyapandey467@gmail.com
Sana Parveen ,sanaansari23230@gmail.com
Sudhanshu Dwivedi,sudhanshudwivedi1909@gmail.com
Priyanshu jaiswal ,priyanshujaiswal509@gmail.com
Roshani Singh ,roshanisingh25582@gmail.com
Sudha singh,shreyanshsudha2003@gmail.com
Diksha Dixit ,dikshadixit70075@gmail.com
Sanath Gaur,sanath100100ab@gmail.com
Nikita Gupta ,guptanikita0505@gmail.com
Nancy Rai,rainancy686@gmail.com
Kritika,krittikatiwari25@gmail.com
Vishal Shukla ,vishalshukla0468@gmail.com
Sumeet singh,singh88959sumeet@gmail.com
Jyoti yadav ,jyoti7suman2004@gmail.com
Ashish Gupta ,ashishgupta70866@gmail.com
Amrita,dubeyamrita013@gmail.com
Prabhashankar Kumar ,rk873455@gmail.com
Khushi purohit ,purohitkhushi6261@gmail.com
SHIVAM KUMAR GUPT ,kumarshivamgupt517@gmail.com
Zamaan Ali,zamaanali30@gmail.com
Ayushi Gupta ,ayushigupta6389@gmail.com
Aryan rai ,raiaryan3406@gmail.com
Mohini ,singhmohit200216@gmail.com
Garima satyarthi ,garimasatyarthi95@gmail.com
Astha Mishra,aanchalmishra.0003@gmail.com
Akshay Aditya ,akshayaditya18@gmail.com
Vinitha,karthiarumugam90@gmail.com
Dharshini G ,dharshinig2002@gmail.com
Janani T,janajanani8846@gmail.com
G.Radha,tradha18021316@gmail.com
Sakshi Singh ,sakshisingh4241@gmail.com
Harshita Rai ,reachharshita9@gmail.com
Anurag Kumar ,anuragupadhyay263@gmail.com
Vanshika mishra ,vanshikam128@gmail.com
M.Poojasri,mpoojasri641@gmail.com
Hema chaudhary ,thehemachaudhary@gmail.com
Sandhya Saravanan,sandhyasaravanan2580@gmail.com
Praveen kumar.R,praveenkowshik213@gmail.com
S HEMANTH KUMAR ,hemanthgamer2006@gmail.com
Thirupoongkannan R,kannanramar43@gmail.com
ABIRAMI S ,sabirami1106@gmail.com
Dhanushya B ,bdhanushya88@gmail.com
M.Divyadharshini,mdivyadharshini2023@gmail.com
DHANUSHKUMAR M,dhanushkumar19984@gmail.com
Durga R ,durgasandhya36@gmail.com
R. Gobika Shri,gobikabcom21203007@gmail.com
N. Senthilkumar,nsenthilkumar.2007@gmail.com
B. S. KALAI SELVI,bsks9904@gmail.com
SUGANTHI K,sugandhikavery@gmail.com
Mohanapriya,jayanthipalpandi@gmail.com
ANUSUYA S ,anusuyasridhar11b@gmail.com
Boopathy M ,jlyboopathy16@gmail.com
M.SAHANA ,msahana184@gmail.com
Soundararajan ,srklogu80@gmail.com
Dinesh kumar,dk197382394@gmail.com
P. Nishanthini ,nishanisha10167@gmail.com
Deva bala ,deva25657@gmail.com
Kalai nesan,kalainesan861004@gmail.com
S.Gowthami,gowthami71523@gmail.com
Krishnapriya K,krishnapriyakulanchinathan23@gmail.com
Amisha singh.s,amishasinghsingh025@gmail.com
DHANYASREE R,dhanyasreer197@gmail.com
JOHN VISWANATHAN A,johnviswanathan0504@gmail.com
Anshuman Chaturvedi ,chaturvedianshuman806@gmail.com
Deepika K ,deepikamuu@gmail.com
Mounika.K,mounikakalaiselvan643@gmail.com
Nivetha S,ssnivetha06@gmail.com
ARUL ANISHA I,anishaarul2007@gmail.com
M.vinotha,vinothavinotha16349@gmail.com
Arvind J ,arvindjayabaskar@gmail.com